ID	SMILES	compound_name	DT50_count	DT50_gmean	DT50_log_median	DT50_log_gmean	DT50_log_spread	DT50_log_std	DT50_log_bayesian_mean	DT50_log_bayesian_std	DT50_log_bayesian_mean_std	canonical_SMILES	cropped_canonical_SMILES	cropped_canonical_SMILES_no_stereo	source	logDT50_mean	logDT50_std
1	CNC(=O)c1cc(Oc2ccc(NC(=O)Nc3ccc(Cl)c(C(F)(F)F)c3)c(F)c2)ccn1	Regorafenib	1	181.00000000000006	181.0	2.2576785748691846	0.0	0.0	2.24	0.47	0.59	CNC(=O)c1cc(Oc2ccc(NC(=O)Nc3ccc(Cl)c(C(F)(F)F)c3)c(F)c2)ccn1	CNC(=O)c1cc(Oc2ccc(NC(=O)Nc3ccc(Cl)c(C(F)(F)F)c3)c(F)c2)ccn1	CNC(=O)c1cc(Oc2ccc(NC(=O)Nc3ccc(Cl)c(C(F)(F)F)c3)c(F)c2)ccn1	PREMIER DAS	2.24	0.59
2	O=C1C(=O)c2ccccc2C(O)=C1C1CCC(c2ccc(Cl)cc2)CC1	Atovaquone	1	1.0	1.0	0.0	0.0	0.0	-0.88	0.47	1.12	O=C1C(=O)c2ccccc2C(O)=C1C1CCC(c2ccc(Cl)cc2)CC1	O=C1C(=O)c2ccccc2C(O)=C1C1CCC(c2ccc(Cl)cc2)CC1	O=C1C(=O)c2ccccc2C(O)=C1C1CCC(c2ccc(Cl)cc2)CC1	PREMIER DAS	-0.88	1.12
3	CC1CCOC2Cn3cc(C(=O)NCc4ccc(F)cc4F)c(=O)c([O-])c3C(=O)N12	Dolutegravir sodium	4	999.9999999999998	1000.0	3.0	0.0	0.0	4.32	0.44	0.93	C[C@@H]1CCO[C@H]2Cn3cc(C(=O)NCc4ccc(F)cc4F)c(=O)c([O-])c3C(=O)N12	C[C@@H]1CCO[C@H]2Cn3cc(C(=O)NCc4ccc(F)cc4F)c(=O)c([O-])c3C(=O)N12	CC1CCOC2Cn3cc(C(=O)NCc4ccc(F)cc4F)c(=O)c([O-])c3C(=O)N12	PREMIER DAS	4.32	0.93
4	CN1CCN2c3ncccc3Cc3ccccc3C2C1	Mirtazapine	4	170.7395231616865	158.5	2.232334064197418	0.3490580839022135	0.13394299010402205	2.24	0.34	0.19	CN1CCN2c3ncccc3Cc3ccccc3C2C1	CN1CCN2c3ncccc3Cc3ccccc3C2C1	CN1CCN2c3ncccc3Cc3ccccc3C2C1	PREMIER DAS	2.24	0.19
5	CC(NC(=O)C(C)(C)Oc1ccc(C(F)(F)F)cn1)C(Cc1ccc(Cl)cc1)c1cccc(C#N)c1	Taranabant	1	1386.0000000000002	1386.0	3.141763230275788	0.0	0.0	3.78	0.49	1.1	C[C@H](NC(=O)C(C)(C)Oc1ccc(C(F)(F)F)cn1)[C@@H](Cc1ccc(Cl)cc1)c1cccc(C#N)c1	C[C@H](NC(=O)C(C)(C)Oc1ccc(C(F)(F)F)cn1)[C@@H](Cc1ccc(Cl)cc1)c1cccc(C#N)c1	CC(NC(=O)C(C)(C)Oc1ccc(C(F)(F)F)cn1)C(Cc1ccc(Cl)cc1)c1cccc(C#N)c1	PREMIER DAS	3.78	1.1
6	CCOC(=O)NC1CCC2C(C1)CC1C(=O)OC(C)C1C2C=Cc1ccc(-c2cccc(F)c2)cn1	Vorapaxar sulphate	4	511.2514645280613	470.5	2.708634565094703	0.2758305620826018	0.11309080901919398	2.7	0.34	0.2	CCOC(=O)N[C@@H]1CC[C@@H]2[C@@H](C1)C[C@H]1C(=O)O[C@H](C)[C@H]1[C@H]2/C=C/c1ccc(-c2cccc(F)c2)cn1	CCOC(=O)N[C@@H]1CC[C@@H]2[C@@H](C1)C[C@H]1C(=O)O[C@H](C)[C@H]1[C@H]2/C=C/c1ccc(-c2cccc(F)c2)cn1	CCOC(=O)NC1CCC2C(C1)CC1C(=O)OC(C)C1C2C=Cc1ccc(-c2cccc(F)c2)cn1	PREMIER DAS	2.7	0.2
7	Cc1cc(Nc2ncc(Cl)c(Nc3ccccc3S(=O)(=O)C(C)C)n2)c(OC(C)C)cc1C1CCNCC1	Ceritinib	4	121.79459464257195	199.5	2.085628014331377	1.5919203599770826	0.6040838071527489	2.08	0.63	0.35	Cc1cc(Nc2ncc(Cl)c(Nc3ccccc3S(=O)(=O)C(C)C)n2)c(OC(C)C)cc1C1CCNCC1	Cc1cc(Nc2ncc(Cl)c(Nc3ccccc3S(=O)(=O)C(C)C)n2)c(OC(C)C)cc1C1CCNCC1	Cc1cc(Nc2ncc(Cl)c(Nc3ccccc3S(=O)(=O)C(C)C)n2)c(OC(C)C)cc1C1CCNCC1	PREMIER DAS	2.08	0.35
8	Cc1cn(-c2cc(NC(=O)c3ccc(C)c(Nc4nccc(-c5cccnc5)n4)c3)cc(C(F)(F)F)c2)cn1	Nilotinib	3	40.25995648909907	22.6	1.6048733011896354	1.0150785221263394	0.450746317083748	1.59	0.52	0.36	Cc1cn(-c2cc(NC(=O)c3ccc(C)c(Nc4nccc(-c5cccnc5)n4)c3)cc(C(F)(F)F)c2)cn1	Cc1cn(-c2cc(NC(=O)c3ccc(C)c(Nc4nccc(-c5cccnc5)n4)c3)cc(C(F)(F)F)c2)cn1	Cc1cn(-c2cc(NC(=O)c3ccc(C)c(Nc4nccc(-c5cccnc5)n4)c3)cc(C(F)(F)F)c2)cn1	PREMIER DAS	1.59	0.36
9	Cc1[nH]c2ccccc2c1CCNCc1ccc(C=CC(=O)NO)cc1	Panobinostat lactate	3	0.9024623925725086	0.7	-0.04457088697193505	0.3309932190414244	0.15603169980730366	-0.02	0.38	0.28	Cc1[nH]c2ccccc2c1CCNCc1ccc(/C=C/C(=O)NO)cc1	Cc1[nH]c2ccccc2c1CCNCc1ccc(/C=C/C(=O)NO)cc1	Cc1[nH]c2ccccc2c1CCNCc1ccc(C=CC(=O)NO)cc1	PREMIER DAS	-0.02	0.28
10	CCCCCCCCCCCC(CC1OC(=O)C1CCCCCC)OC(=O)C(CC(C)C)NC=O	Orlistat	4	5.305854027052333	6.0	0.7247552976407081	0.6651117370750513	0.27203369682322937	0.73	0.39	0.23	CCCCCCCCCCC[C@@H](C[C@@H]1OC(=O)[C@H]1CCCCCC)OC(=O)[C@H](CC(C)C)NC=O	CCCCCCCCCCC[C@@H](C[C@@H]1OC(=O)[C@H]1CCCCCC)OC(=O)[C@H](CC(C)C)NC=O	CCCCCCCCCCCC(CC1OC(=O)C1CCCCCC)OC(=O)C(CC(C)C)NC=O	PREMIER DAS	0.73	0.23
11	CCCS(=O)(=O)Nc1ccc(F)c(C(=O)c2c[nH]c3ncc(-c4ccc(Cl)cc4)cc23)c1F	Vemurafenib	4	999.9999999999998	1000.0	3.0	0.0	0.0	4.33	0.45	0.98	CCCS(=O)(=O)Nc1ccc(F)c(C(=O)c2c[nH]c3ncc(-c4ccc(Cl)cc4)cc23)c1F	CCCS(=O)(=O)Nc1ccc(F)c(C(=O)c2c[nH]c3ncc(-c4ccc(Cl)cc4)cc23)c1F	CCCS(=O)(=O)Nc1ccc(F)c(C(=O)c2c[nH]c3ncc(-c4ccc(Cl)cc4)cc23)c1F	PREMIER DAS	4.33	0.98
12	COC(=O)NC(C(=O)N1CCCC1c1ncc(-c2ccc3c(c2)OC(c2ccccc2)n2c-3cc3cc(-c4cnc(C5CCCN5C(=O)C(NC(=O)OC)C(C)C)[nH]4)ccc32)[nH]1)C(C)C	Elbasvir	4	999.9999999999998	1000.0	3.0	0.0	0.0	4.22	0.45	0.95	COC(=O)N[C@H](C(=O)N1CCC[C@H]1c1ncc(-c2ccc3c(c2)O[C@@H](c2ccccc2)n2c-3cc3cc(-c4cnc([C@@H]5CCCN5C(=O)[C@@H](NC(=O)OC)C(C)C)[nH]4)ccc32)[nH]1)C(C)C	COC(=O)N[C@H](C(=O)N1CCC[C@H]1c1ncc(-c2ccc3c(c2)O[C@@H](c2ccccc2)n2c-3cc3cc(-c4cnc([C@@H]5CCCN5C(=O)[C@@H](NC(=O)OC)C(C)C)[nH]4)ccc32)[nH]1)C(C)C	COC(=O)NC(C(=O)N1CCCC1c1ncc(-c2ccc3c(c2)OC(c2ccccc2)n2c-3cc3cc(-c4cnc(C5CCCN5C(=O)C(NC(=O)OC)C(C)C)[nH]4)ccc32)[nH]1)C(C)C	PREMIER DAS	4.22	0.95
13	C[Si](C)(C)O[Si](C)(C)O[Si](C)(C)O[Si](C)(C)C	Decamethyltetrasiloxane	6	9.228372458922218	7.25	0.9651251144132454	1.9485759586429288	0.6347463697831475	0.97	0.64	0.28	C[Si](C)(C)O[Si](C)(C)O[Si](C)(C)O[Si](C)(C)C	C[Si](C)(C)O[Si](C)(C)O[Si](C)(C)O[Si](C)(C)C	C[Si](C)(C)O[Si](C)(C)O[Si](C)(C)O[Si](C)(C)C	ECHA	0.97	0.28
14	CC(C)(c1ccccc1)c1ccc(Nc2ccc(C(C)(C)c3ccccc3)cc2)cc1	4-(1-methyl-1-phenylethyl)-N-[4-(1-methyl-1 phenylethyl)phenyl]aniline	4	93.60122398568872	106.3	1.9712815278701026	0.6884198220027105	0.2510289517788738	1.96	0.4	0.22	CC(C)(c1ccccc1)c1ccc(Nc2ccc(C(C)(C)c3ccccc3)cc2)cc1	CC(C)(c1ccccc1)c1ccc(Nc2ccc(C(C)(C)c3ccccc3)cc2)cc1	CC(C)(c1ccccc1)c1ccc(Nc2ccc(C(C)(C)c3ccccc3)cc2)cc1	ECHA	1.96	0.22
15	CC1COCc2cc3c(cc21)C(C)(C)C(C)C3(C)C	1,3,4,6,7,8-hexahydro-4,6,6,7,8,8-hexamethylindeno[5,6-c]pyran	3	133.58886759284636	105.0	2.1257702684356405	0.4006742956592897	0.1795138939202563	2.13	0.38	0.26	CC1COCc2cc3c(cc21)C(C)(C)C(C)C3(C)C	CC1COCc2cc3c(cc21)C(C)(C)C(C)C3(C)C	CC1COCc2cc3c(cc21)C(C)(C)C(C)C3(C)C	ECHA	2.13	0.26
16	C[Si](C)(C)O[Si](C)(C)O[Si](C)(C)C	Octamethyltrisiloxane	10	4.67655234407935	4.300000000000001	0.6699257997137532	2.6623945573133385	0.8556801768925288	0.68	0.85	0.28	C[Si](C)(C)O[Si](C)(C)O[Si](C)(C)C	C[Si](C)(C)O[Si](C)(C)O[Si](C)(C)C	C[Si](C)(C)O[Si](C)(C)O[Si](C)(C)C	ECHA	0.68	0.28
17	CC(C)CCC(C)Nc1ccc(Nc2ccccc2)cc1	N-(1,4-dimethylpentyl)-N'-phenylbenzene-1,4-diamine	4	0.5781396187918391	1.4	-0.23796726824275816	1.8016323462331665	0.7438172432582922	-0.12	0.68	0.39	CC(C)CCC(C)Nc1ccc(Nc2ccccc2)cc1	CC(C)CCC(C)Nc1ccc(Nc2ccccc2)cc1	CC(C)CCC(C)Nc1ccc(Nc2ccccc2)cc1	ECHA	-0.12	0.39
18	c1ccc2sc(SN(C3CCCCC3)C3CCCCC3)nc2c1	N,N-dicyclohexylbenzothiazole-2-sulphenamide	5	640.5908401617913	783.0	2.8065807243752112	0.5151309672795978	0.20450852002709652	2.91	0.45	0.27	c1ccc2sc(SN(C3CCCCC3)C3CCCCC3)nc2c1	c1ccc2sc(SN(C3CCCCC3)C3CCCCC3)nc2c1	c1ccc2sc(SN(C3CCCCC3)C3CCCCC3)nc2c1	ECHA	2.91	0.27
19	COC(C)(C)C	Tert-butyl methyl ether	2	89.81670223293662	90.5	1.9533571051874985	0.10707320552080435	0.053536602760402174	1.95	0.42	0.38	COC(C)(C)C	COC(C)(C)C	COC(C)(C)C	ECHA	1.95	0.38
20	CC1CC(C)(C)c2cccc(NC(=O)c3cn(C)nc3C(F)F)c21	Inpyrfluxam	4	109.63007035979157	99.25	2.0399296928357282	0.6009977132233648	0.22347404472922525	2.02	0.37	0.22	C[C@@H]1CC(C)(C)c2cccc(NC(=O)c3cn(C)nc3C(F)F)c21	C[C@@H]1CC(C)(C)c2cccc(NC(=O)c3cn(C)nc3C(F)F)c21	CC1CC(C)(C)c2cccc(NC(=O)c3cn(C)nc3C(F)F)c21	EFSA	2.02	0.22
21	CS(=O)(=O)Oc1cccc(Cl)c1C1CC(c2csc(C3CCN(C(=O)Cn4nc(C(F)F)cc4C(F)F)CC3)n2)=NO1	Fluoxapiprolin 	6	25.673865799636182	23.450000000000003	1.4094912667643669	0.7912137232228855	0.25407430416801136	1.42	0.36	0.16	CS(=O)(=O)Oc1cccc(Cl)c1C1CC(c2csc(C3CCN(C(=O)Cn4nc(C(F)F)cc4C(F)F)CC3)n2)=NO1	CS(=O)(=O)Oc1cccc(Cl)c1C1CC(c2csc(C3CCN(C(=O)Cn4nc(C(F)F)cc4C(F)F)CC3)n2)=NO1	CS(=O)(=O)Oc1cccc(Cl)c1C1CC(c2csc(C3CCN(C(=O)Cn4nc(C(F)F)cc4C(F)F)CC3)n2)=NO1	EFSA	1.42	0.16
22	O=CC=Cc1ccccc1	Cinnamaldehyde 	4	0.007000368338273117	0.0083	-2.1548791081184695	0.2958288019781734	0.12809762884210718	-2.08	0.45	0.87	O=C/C=C/c1ccccc1	O=C/C=C/c1ccccc1	O=CC=Cc1ccccc1	EFSA	-2.08	0.87
23	O=C(O)C=Cc1ccccc1	Cinnamic acid 	4	1.7102890720692239	2.0665	0.23306952079822765	0.7539155158005393	0.28393718788262984	0.24	0.41	0.24	O=C(O)/C=C/c1ccccc1	O=C(O)/C=C/c1ccccc1	O=C(O)C=Cc1ccccc1	EFSA	0.24	0.24
24	CCC(Oc1ccc(F)c(C(F)(F)F)c1)C(=O)NCc1ccccc1	Beflubutamid 	6	25.17955418078193	9.185	1.401048036393751	2.3089185078770313	0.8431255752355429	1.48	0.95	0.43	CCC(Oc1ccc(F)c(C(F)(F)F)c1)C(=O)NCc1ccccc1	CCC(Oc1ccc(F)c(C(F)(F)F)c1)C(=O)NCc1ccccc1	CCC(Oc1ccc(F)c(C(F)(F)F)c1)C(=O)NCc1ccccc1	EFSA	1.48	0.43
25	CCC(=O)OC(C)CCCCCC(C)CC	8-methyldecan-2-yl propanoate	4	0.0681452285458602	0.07200000000000001	-1.166564547587914	0.3342709288026604	0.12225134696696581	-2.1	0.44	0.87	CCC(=O)OC(C)CCCCCC(C)CC	CCC(=O)OC(C)CCCCCC(C)CC	CCC(=O)OC(C)CCCCCC(C)CC	EFSA	-2.1	0.87
