original_SMILES	ID	SMILES	warnings	logDT50_mean_predicted	logDT50_std_predicted	compound_name	logDT50_mean_experimental	logDT50_std_experimental	non-Persistent	Persistent	very Persistent
Cc1[nH]c2ccccc2c1CCNCc1ccc(C=CC(=O)NO)cc1	9	Cc1[nH]c2ccccc2c1CCNCc1ccc(C=CC(=O)NO)cc1		1.2812337044821112	0.7849860042654042				0.8453071360136075	0.15469286398639248	0.10733319151400211
CC(C)CCC(C)Nc1ccc(Nc2ccccc2)cc1	17	CC(C)CCC(C)Nc1ccc(Nc2ccccc2)cc1		1.2310150095847845	0.7158014156795316				0.8819751354343522	0.11802486456564776	0.07622598478165166
CNC(=O)c1cc(Oc2ccc(NC(=O)Nc3ccc(Cl)c(C(F)(F)F)c3)c(F)c2)ccn1	1	CNC(=O)c1cc(Oc2ccc(NC(=O)Nc3ccc(Cl)c(C(F)(F)F)c3)c(F)c2)ccn1		1.4376602009555213	0.7741063332675754				0.7963698994225614	0.20363010057743858	0.14543807284275168
CCC(Oc1ccc(F)c(C(F)(F)F)c1)C(=O)NCc1ccccc1	24	CCC(Oc1ccc(F)c(C(F)(F)F)c1)C(=O)NCc1ccccc1		0.8270367521190118	0.6954520274116306				0.9641072234497274	0.035892776550272565	0.020003348365868368
COC(=O)NC(C(=O)N1CCCC1c1ncc(-c2ccc3c(c2)OC(c2ccccc2)n2c-3cc3cc(-c4cnc(C5CCCN5C(=O)C(NC(=O)OC)C(C)C)[nH]4)ccc32)[nH]1)C(C)C	12	COC(=O)NC(C(=O)N1CCCC1c1ncc(-c2ccc3c(c2)OC(c2ccccc2)n2c-3cc3cc(-c4cnc(C5CCCN5C(=O)C(NC(=O)OC)C(C)C)[nH]4)ccc32)[nH]1)C(C)C		1.4842349008548348	1.007936823838625				0.722492341249495	0.277507658750505	0.2221458352171266
CCCCCCCCCCCC(CC1OC(=O)C1CCCCCC)OC(=O)C(CC(C)C)NC=O	10	CCCCCCCCCCCC(CC1OC(=O)C1CCCCCC)OC(=O)C(CC(C)C)NC=O		0.6284324964810243	0.863239530648497				0.953578375498376	0.046421624501624015	0.029743591132577185
CC(C)(c1ccccc1)c1ccc(Nc2ccc(C(C)(C)c3ccccc3)cc2)cc1	14	CC(C)(c1ccccc1)c1ccc(Nc2ccc(C(C)(C)c3ccccc3)cc2)cc1		1.7211386864987899	0.8058861374252688				0.6715814751348276	0.3284185248651724	0.25373231271030905
O=C1C(=O)c2ccccc2C(O)=C1C1CCC(c2ccc(Cl)cc2)CC1	2	O=C1C(=O)c2ccccc2C(O)=C1C1CCC(c2ccc(Cl)cc2)CC1		1.1971978621438673	0.7299987549857159				0.8865145362453806	0.11348546375461943	0.07361019249954226
O=C(O)C=Cc1ccccc1	23	O=C(O)C=Cc1ccccc1		0.2418677965439353	0.6934134001271897				0.9959714230842267	0.0040285769157732965	0.0018444144894382841
CCOC(=O)NC1CCC2C(C1)CC1C(=O)OC(C)C1C2C=Cc1ccc(-c2cccc(F)c2)cn1	6	CCOC(=O)NC1CCC2C(C1)CC1C(=O)OC(C)C1C2C=Cc1ccc(-c2cccc(F)c2)cn1		1.2510203098633352	0.7736857831826509				0.8577825816614949	0.1422174183385051	0.09714188010903091
CC1CCOC2Cn3cc(C(=O)NCc4ccc(F)cc4F)c(=O)c([O-])c3C(=O)N12	3	CC1CCOC2Cn3cc(C(=O)NCc4ccc(F)cc4F)c(=O)c([O-])c3C(=O)N12		1.8585933201717904	0.8153029676832609				0.6066350580435634	0.39336494195643656	0.31329144623404437
C[Si](C)(C)O[Si](C)(C)O[Si](C)(C)O[Si](C)(C)C	13	C[Si](C)(C)O[Si](C)(C)O[Si](C)(C)O[Si](C)(C)C		1.491295691115452	0.9581945982825455				0.7302385493049224	0.2697614506950776	0.21263590730465065
C[Si](C)(C)O[Si](C)(C)O[Si](C)(C)C	16	C[Si](C)(C)O[Si](C)(C)O[Si](C)(C)C		1.4348897684719342	0.9209364193482117				0.757912906962979	0.24208709303702103	0.18651457448028896
CN1CCN2c3ncccc3Cc3ccccc3C2C1	4	CN1CCN2c3ncccc3Cc3ccccc3C2C1		2.204244098975476	0.7381765777776359				0.43273262603144835	0.5672673739685516	0.47244400929855834
CC(NC(=O)C(C)(C)Oc1ccc(C(F)(F)F)cn1)C(Cc1ccc(Cl)cc1)c1cccc(C#N)c1	5	CC(NC(=O)C(C)(C)Oc1ccc(C(F)(F)F)cn1)C(Cc1ccc(Cl)cc1)c1cccc(C#N)c1		1.7068974702001416	0.7699833159221544				0.6856281646702787	0.31437183532972135	0.23817331612378445
CS(=O)(=O)Oc1cccc(Cl)c1C1CC(c2csc(C3CCN(C(=O)Cn4nc(C(F)F)cc4C(F)F)CC3)n2)=NO1	21	CS(=O)(=O)Oc1cccc(Cl)c1C1CC(c2csc(C3CCN(C(=O)Cn4nc(C(F)F)cc4C(F)F)CC3)n2)=NO1		1.651227764213581	0.812279410590914				0.700852862801128	0.299147137198872	0.22854667179785637
c1ccc2sc(SN(C3CCCCC3)C3CCCCC3)nc2c1	18	c1ccc2sc(SN(C3CCCCC3)C3CCCCC3)nc2c1		1.403088259795918	0.86916711622557				0.7816751240924515	0.21832487590754845	0.16342936677448805
O=CC=Cc1ccccc1	22	O=CC=Cc1ccccc1		0.2454477620516624	0.7819218451612383				0.990490595798634	0.009509404201366034	0.0050795669584657865
COC(C)(C)C	19	COC(C)(C)C		0.9747141060907731	0.7876372300978812				0.9195802342879932	0.08041976571200682	0.05199370098276246
CCC(=O)OC(C)CCCCCC(C)CC	25	CCC(=O)OC(C)CCCCCC(C)CC		0.6827780769147411	0.7047678381152113				0.9762248889889782	0.02377511101102181	0.012833170346703282
Cc1cn(-c2cc(NC(=O)c3ccc(C)c(Nc4nccc(-c5cccnc5)n4)c3)cc(C(F)(F)F)c2)cn1	8	Cc1cn(-c2cc(NC(=O)c3ccc(C)c(Nc4nccc(-c5cccnc5)n4)c3)cc(C(F)(F)F)c2)cn1		1.8727084653672987	0.853716504742795				0.5955524581933529	0.4044475418066471	0.3270347345641189
CCCS(=O)(=O)Nc1ccc(F)c(C(=O)c2c[nH]c3ncc(-c4ccc(Cl)cc4)cc23)c1F	11	CCCS(=O)(=O)Nc1ccc(F)c(C(=O)c2c[nH]c3ncc(-c4ccc(Cl)cc4)cc23)c1F		1.8868246602207905	0.7935226012965636				0.5957681572533858	0.40423184274661417	0.32120950546161087
CC1COCc2cc3c(cc21)C(C)(C)C(C)C3(C)C	15	CC1COCc2cc3c(cc21)C(C)(C)C(C)C3(C)C		1.411766416199378	0.7762466897452882				0.8050496138271948	0.19495038617280525	0.138596436239114
CC1CC(C)(C)c2cccc(NC(=O)c3cn(C)nc3C(F)F)c21	20	CC1CC(C)(C)c2cccc(NC(=O)c3cn(C)nc3C(F)F)c21		2.3549690570211133	0.6357492385348206				0.33221696001033074	0.6677830399896693	0.5623056261005008
Cc1cc(Nc2ncc(Cl)c(Nc3ccccc3S(=O)(=O)C(C)C)n2)c(OC(C)C)cc1C1CCNCC1	7	Cc1cc(Nc2ncc(Cl)c(Nc3ccccc3S(=O)(=O)C(C)C)n2)c(OC(C)C)cc1C1CCNCC1		1.5198766703147042	0.7910287178099686				0.7602353294861337	0.2397646705138663	0.17627093136130068
